DROP DATABASE IF EXISTS farm_monitoring;
CREATE Database farm_monitoring;

use farm_monitoring;

CREATE TABLE user(
	username VARCHAR(30) NOT NULL PRIMARY KEY,
	password VARCHAR(30) NOT NULL,
	name VARCHAR(50),
	birthday DATE,
	age INT(3),
	type VARCHAR(10) NOT NULL
);


CREATE TABLE plot(
	plotId INT(5) NOT NULL PRIMARY KEY,
	area INT(10),
	capacity INT(10),
	plotStatus VARCHAR(10),
	username VARCHAR(30) NOT NULL
);

CREATE TABLE report(
	reportId INT(5) NOT NULL AUTO_INCREMENT PRIMARY KEY,
	reportname VARCHAR(20),
	username VARCHAR(20)
);

CREATE TABLE farmActivity(
	activityName VARCHAR(20)  NOT NULL PRIMARY KEY,
	startDate DATE,
	dueDate DATE,
	activityStatus VARCHAR(10) NOT NULL,
	requestNo INT(5)
);

CREATE TABLE crop(
	cropNumber INT(5) NOT NULL AUTO_INCREMENT PRIMARY KEY,
	type VARCHAR(20),
	cropCount INT(10),
	plotId INT(5)
);

CREATE TABLE request(
	requestNo INT(5) NOT NULL AUTO_INCREMENT PRIMARY KEY,
	requestDate DATE,
	username VARCHAR(30),
	requestDefinition VARCHAR(50)	
);

ALTER table farmActivity add FOREIGN KEY (requestNo) references request(requestNo);
ALTER table plot add FOREIGN KEY (username) references user(username);
ALTER table request add FOREIGN KEY (username) references user(username);
ALTER table report add FOREIGN KEY (username) references user(username);
ALTER table crop add FOREIGN KEY (plotId) references plot(plotId);

insert into user (username, password, name, birthday, age, type) values ('krislenon707', 'saeyoungchoi', 'Kris Lenon', '1997/12/25', 18, 'Owner');
insert into user (username, password, name, birthday, age, type) values ('mico', 'rilson', 'Mico Rilson Lacson' ,'1997/12/08', 18, 'Owner');
insert into user (username, password, name, birthday, age, type) values ('cmoreno0', 'ghRfZL3NdT9y', 'Catherine Moreno', '1983/01/16', 48, 'Personnel');
insert into user (username, password, name, birthday, age, type) values ('jjohnston1', 'ehdPNsAA', 'Jane Johnston', '1944/12/21', 88, 'Personnel');
insert into user (username, password, name, birthday, age, type) values ('pfowler2', 'YnWz4t', 'Philip Fowler', '1986/08/23', 91, 'Personnel');
insert into user (username, password, name, birthday, age, type) values ('sturner3', 'ME9hGMDYF', 'Sarah Turner', '1902/09/08', 94, 'Personnel');
insert into user (username, password, name, birthday, age, type) values ('gcarter4', '0LKCEk', 'Gregory Carter', '1995/08/04', 5, 'Personnel');
insert into user (username, password, name, birthday, age, type) values ('ecook5', 'dbIRMXxbh5jO', 'Emily Cook', '1942/11/21', 25, 'Personnel');
insert into user (username, password, name, birthday, age, type) values ('kweaver6', 'BMqt1kT8SP', 'Kelly Weaver', '2010/05/12', 69, 'Personnel');
insert into user (username, password, name, birthday, age, type) values ('jkennedy7', 'QdVvndq5jQ', 'Joshua Kennedy', '1916/11/30', 28, 'Personnel');
insert into user (username, password, name, birthday, age, type) values ('rharper8', 'ajVDRtvBBiEp', 'Rachel Harper', '1989/03/15', 82, 'Personnel');
insert into user (username, password, name, birthday, age, type) values ('kduncan9', '4RoW30At4t', 'Kathleen Duncan', '1917/03/08', 38, 'Personnel');
insert into user (username, password, name, birthday, age, type) values ('cgarzaa', 'yyrC5NB', 'Christopher Garza', '1962/10/31', 84, 'Personnel');
insert into user (username, password, name, birthday, age, type) values ('mhansonb', 'hIMZmO', 'Mildred Hanson', '1956/09/17', 44, 'Personnel');
insert into user (username, password, name, birthday, age, type) values ('jrobertsc', 'gzCDCVQIO', 'Joyce Roberts', '1924/07/05', 99, 'Personnel');
insert into user (username, password, name, birthday, age, type) values ('jcarrolld', 'XPuW2ZKFN4s', 'Judy Carroll', '2004/03/21', 13, 'Personnel');
insert into user (username, password, name, birthday, age, type) values ('afraziere', 'CJTgXduE', 'Ashley Frazier', '2015/12/28', 77, 'Personnel');
insert into user (username, password, name, birthday, age, type) values ('thuntf', '7SqBsWvQB', 'Theresa Hunt', '1930/10/23', 54, 'Personnel');
insert into user (username, password, name, birthday, age, type) values ('rhernandezg', 'Zz9bmWfRQVg0', 'Ralph Hernandez', '1928/07/17', 87, 'Personnel');
insert into user (username, password, name, birthday, age, type) values ('jromeroh', 'tg9ZCgnJ8iyP', 'Justin Romero', '2001/12/20', 57, 'Personnel');
insert into user (username, password, name, birthday, age, type) values ('psandersi', 'mQK326hPtqcs', 'Patrick Sanders', '1963/12/13', 91, 'Personnel');
insert into user (username, password, name, birthday, age, type) values ('jgarciaj', 'FwhTOy', 'Johnny Garcia', '1940/10/13', 9, 'Personnel');
insert into user (username, password, name, birthday, age, type) values ('mdeank', '1Rceezd', 'Maria Dean', '1923/05/03', 67, 'Personnel');
insert into user (username, password, name, birthday, age, type) values ('jmarshalll', '9Fl5Xx8g', 'Jeremy Marshall', '1942/09/24', 9, 'Personnel');
insert into user (username, password, name, birthday, age, type) values ('vmasonm', 'rgVC8c4KEB7Z', 'Victor Mason', '1904/01/01', 55, 'Personnel');
insert into user (username, password, name, birthday, age, type) values ('rgutierrezn', 'hp963c3gGC', 'Richard Gutierrez', '1991/06/08', 74, 'Personnel');
insert into user (username, password, name, birthday, age, type) values ('rkingo', 'KBmKDFD8AQVt', 'Ralph King', '1972/10/25', 77, 'Personnel');
insert into user (username, password, name, birthday, age, type) values ('bmendozap', 'hm6sD0', 'Brenda Mendoza', '2006/05/23', 92, 'Personnel');
insert into user (username, password, name, birthday, age, type) values ('jdunnq', '7IowxK5', 'Jeffrey Dunn', '2009/08/20', 59, 'Personnel');
insert into user (username, password, name, birthday, age, type) values ('sphillipsr', 'UmIvc7yV', 'Stephen Phillips', '1912/11/19', 66, 'Personnel');
insert into user (username, password, name, birthday, age, type) values ('dtuckers', 'AmYAhJCeSc', 'Donna Tucker', '1926/11/06', 21, 'Personnel');
insert into user (username, password, name, birthday, age, type) values ('mortizt', 'nTVTOC', 'Matthew Ortiz', '1907/08/26', 10, 'Personnel');
insert into user (username, password, name, birthday, age, type) values ('nsimpsonu', 'zT6jVZ5i', 'Nicole Simpson', '1908/09/05', 1, 'Personnel');
insert into user (username, password, name, birthday, age, type) values ('jnelsonv', 'HYlJ7GU', 'Johnny Nelson', '1968/01/10', 90, 'Personnel');
insert into user (username, password, name, birthday, age, type) values ('jfosterw', 'uROG8Ja4h', 'Judith Foster', '1970/10/24', 84, 'Personnel');
insert into user (username, password, name, birthday, age, type) values ('lmillsx', 'W4lQnnqJX', 'Lawrence Mills', '1906/01/24', 66, 'Personnel');
insert into user (username, password, name, birthday, age, type) values ('lolsony', 'p5J6xqp4xYgv', 'Louise Olson', '1939/02/19', 67, 'Personnel');
insert into user (username, password, name, birthday, age, type) values ('bburnsz', 'Gd50oYjblx6i', 'Billy Burns', '1969/07/20', 25, 'Personnel');
insert into user (username, password, name, birthday, age, type) values ('vmorales10', 'WmFVw7D7S', 'Victor Morales', '1990/09/14', 95, 'Personnel');
insert into user (username, password, name, birthday, age, type) values ('ehenderson11', 'OAYvOb7nxOOT', 'Emily Henderson', '1910/08/02', 57, 'Personnel');
insert into user (username, password, name, birthday, age, type) values ('rcooper12', 'vsjziuJn', 'Ralph Cooper', '1920/08/13', 8, 'Personnel');
insert into user (username, password, name, birthday, age, type) values ('dschmidt13', 'tqLyLFSdqVa', 'Dennis Schmidt', '2004/05/10', 85, 'Personnel');
insert into user (username, password, name, birthday, age, type) values ('cromero14', '4GqYcNfc7a', 'Christina Romero', '1914/05/12', 99, 'Personnel');
insert into user (username, password, name, birthday, age, type) values ('mfowler15', '8vqunF7nHe', 'Maria Fowler', '1995/05/03', 81, 'Personnel');
insert into user (username, password, name, birthday, age, type) values ('trobinson16', 'iolVR7BY', 'Teresa Robinson', '2010/05/27', 11, 'Personnel');
insert into user (username, password, name, birthday, age, type) values ('jtorres17', 'xxCp0OuS7yH', 'Jennifer Torres', '2000/11/06', 54, 'Personnel');
insert into user (username, password, name, birthday, age, type) values ('nromero18', 'O8rXPaFAI14', 'Nicholas Romero', '1994/03/15', 65, 'Personnel');
insert into user (username, password, name, birthday, age, type) values ('briley19', 'vfyGBIWiCZvH', 'Betty Riley', '1974/12/17', 23, 'Personnel');
insert into user (username, password, name, birthday, age, type) values ('barmstrong1a', 'Sm3tmV', 'Brenda Armstrong', '1955/06/24', 38, 'Personnel');
insert into user (username, password, name, birthday, age, type) values ('jrussell1b', 'Vzp7lk', 'Julie Russell', '2007/03/10', 81, 'Personnel');
insert into user (username, password, name, birthday, age, type) values ('bmorrison1c', 'cB2tfC', 'Betty Morrison', '1937/06/20', 86, 'Personnel');
insert into user (username, password, name, birthday, age, type) values ('dfisher1d', 'K1yEU2wG', 'Denise Fisher', '1991/06/02', 99, 'Personnel');
insert into user (username, password, name, birthday, age, type) values ('elawrence1e', 'xf1izkSXDG', 'Eric Lawrence', '1965/12/01', 32, 'Personnel');
insert into user (username, password, name, birthday, age, type) values ('lhoward1f', 'ASb9xgBHLIPn', 'Lois Howard', '1951/12/19', 53, 'Personnel');
insert into user (username, password, name, birthday, age, type) values ('jgardner1g', 'u6mFcS', 'Jessica Gardner', '1997/08/27', 19, 'Personnel');
insert into user (username, password, name, birthday, age, type) values ('ahudson1h', 'fMhk9ReN', 'Antonio Hudson', '2012/05/20', 3, 'Personnel');
insert into user (username, password, name, birthday, age, type) values ('tgordon1i', 'QlZUROc2NWb', 'Todd Gordon', '1958/04/14', 52, 'Personnel');
insert into user (username, password, name, birthday, age, type) values ('ccarpenter1j', 'QPf0cx', 'Carol Carpenter', '1944/04/02', 17, 'Personnel');
insert into user (username, password, name, birthday, age, type) values ('kwelch1k', '0dqIeF', 'Karen Welch', '1906/07/12', 81, 'Personnel');
insert into user (username, password, name, birthday, age, type) values ('pmeyer1l', '9zK59aJ', 'Phyllis Meyer', '2005/04/14', 83, 'Personnel');
insert into user (username, password, name, birthday, age, type) values ('kwest1m', 'desrUE', 'Keith West', '1943/05/25', 71, 'Personnel');
insert into user (username, password, name, birthday, age, type) values ('tharvey1n', 'id21LazkKynB', 'Tina Harvey', '1985/09/29', 4, 'Personnel');
insert into user (username, password, name, birthday, age, type) values ('jaustin1o', 'FEE1Cu4eI6b', 'Jacqueline Austin', '1908/05/13', 36, 'Personnel');
insert into user (username, password, name, birthday, age, type) values ('vcox1p', 'gkZRoWGiz0P', 'Victor Cox', '1991/03/24', 11, 'Personnel');
insert into user (username, password, name, birthday, age, type) values ('glopez1q', 'UhDYQOg', 'George Lopez', '1969/01/27', 24, 'Personnel');
insert into user (username, password, name, birthday, age, type) values ('wryan1r', 'BnREYHs4gA', 'Wayne Ryan', '1965/01/20', 96, 'Personnel');
insert into user (username, password, name, birthday, age, type) values ('polson1s', 'UaqVUTe5C', 'Phyllis Olson', '1907/01/27', 84, 'Personnel');
insert into user (username, password, name, birthday, age, type) values ('sharrison1t', '6bl9FTTUbAip', 'Sarah Harrison', '1982/05/15', 60, 'Personnel');
insert into user (username, password, name, birthday, age, type) values ('jmeyer1u', 'uGCdifoy', 'Judy Meyer', '1903/11/18', 92, 'Personnel');
insert into user (username, password, name, birthday, age, type) values ('edavis1v', 'G5wndFUJKkRm', 'Earl Davis', '1919/01/22', 76, 'Personnel');
insert into user (username, password, name, birthday, age, type) values ('awagner1w', 'Mq1O11', 'Amanda Wagner', '1961/10/24', 96, 'Personnel');
insert into user (username, password, name, birthday, age, type) values ('cgardner1x', 'HRkoxp43At', 'Christina Gardner', '1983/06/18', 85, 'Personnel');
insert into user (username, password, name, birthday, age, type) values ('kdean1y', 'Eqk30qj', 'Keith Dean', '2002/11/19', 100, 'Personnel');
insert into user (username, password, name, birthday, age, type) values ('tbailey1z', 'RTcmoiL', 'Thomas Bailey', '2002/07/28', 70, 'Personnel');
insert into user (username, password, name, birthday, age, type) values ('marmstrong20', 'GqyYLT', 'Marie Armstrong', '1979/07/20', 7, 'Personnel');
insert into user (username, password, name, birthday, age, type) values ('lwillis21', 'FiF6ITuAyiQC', 'Linda Willis', '2013/06/18', 1, 'Personnel');
insert into user (username, password, name, birthday, age, type) values ('rschmidt22', '1DLIpcp', 'Richard Schmidt', '2010/10/26', 65, 'Personnel');
insert into user (username, password, name, birthday, age, type) values ('sjordan23', 'U0HOCCD', 'Steve Jordan', '1915/11/26', 15, 'Personnel');
insert into user (username, password, name, birthday, age, type) values ('efreeman24', 'rpczc9tA', 'Elizabeth Freeman', '1906/10/17', 88, 'Personnel');
insert into user (username, password, name, birthday, age, type) values ('nramirez25', '0lMQgl', 'Norma Ramirez', '1993/07/13', 10, 'Personnel');
insert into user (username, password, name, birthday, age, type) values ('lmartinez26', 'VAXtFu0hoCo', 'Lisa Martinez', '1975/09/19', 39, 'Personnel');
insert into user (username, password, name, birthday, age, type) values ('rday27', 'IVKtNnjV', 'Raymond Day', '1989/07/21', 10, 'Personnel');
insert into user (username, password, name, birthday, age, type) values ('jwoods28', 'k7GNBuH', 'Jimmy Woods', '1971/06/08', 69, 'Personnel');
insert into user (username, password, name, birthday, age, type) values ('jhunt29', 'NvSncvl2Dfz', 'Jeffrey Hunt', '1990/11/14', 30, 'Personnel');
insert into user (username, password, name, birthday, age, type) values ('blane2a', 'rVoG0JBiQ', 'Beverly Lane', '1924/09/26', 21, 'Personnel');
insert into user (username, password, name, birthday, age, type) values ('psmith2b', '0EABHyWgOl', 'Philip Smith', '1916/11/20', 40, 'Personnel');
insert into user (username, password, name, birthday, age, type) values ('revans2c', 'rLpFlAIw5Oc', 'Ronald Evans', '1992/03/02', 30, 'Personnel');
insert into user (username, password, name, birthday, age, type) values ('agibson2d', 'JgbmyL8l0e', 'Arthur Gibson', '1970/07/06', 57, 'Personnel');
insert into user (username, password, name, birthday, age, type) values ('twilliamson2e', 'trDTBiC', 'Todd Williamson', '1972/03/31', 90, 'Personnel');
insert into user (username, password, name, birthday, age, type) values ('prichardson2f', 'ZFWgMsxZPdy', 'Pamela Richardson', '1955/04/10', 89, 'Personnel');
insert into user (username, password, name, birthday, age, type) values ('dpowell2g', 'iMb3VISHEx1Z', 'Diane Powell', '2007/07/04', 31, 'Personnel');
insert into user (username, password, name, birthday, age, type) values ('tspencer2h', 'bL00QLv', 'Todd Spencer', '1921/08/29', 85, 'Personnel');
insert into user (username, password, name, birthday, age, type) values ('akim2i', '0XLM1F4CH', 'Albert Kim', '1952/06/28', 52, 'Personnel');
insert into user (username, password, name, birthday, age, type) values ('lhoward2j', 'xS1yNzqJhA6', 'Lori Howard', '1913/06/19', 49, 'Personnel');
insert into user (username, password, name, birthday, age, type) values ('nelliott2k', 'uAssORKxMHSJ', 'Nicole Elliott', '1932/04/29', 45, 'Personnel');
insert into user (username, password, name, birthday, age, type) values ('dvasquez2l', '8JVOrgzl4', 'Donna Vasquez', '1989/10/18', 30, 'Personnel');
insert into user (username, password, name, birthday, age, type) values ('mallen2m', 'VxAuKIeQrW', 'Maria Allen', '1969/08/06', 29, 'Personnel');
insert into user (username, password, name, birthday, age, type) values ('pmccoy2n', 't04M1XQz', 'Peter Mccoy', '1970/10/12', 15, 'Personnel');
insert into user (username, password, name, birthday, age, type) values ('lholmes2o', 'oNtSRm', 'Lillian Holmes', '1988/04/13', 34, 'Personnel');
insert into user (username, password, name, birthday, age, type) values ('lmedina2p', 'Y3Q2RWBVbGf', 'Lisa Medina', '1971/11/12', 28, 'Personnel');
insert into user (username, password, name, birthday, age, type) values ('llopez2q', '6HYMj82uNoVV', 'Lois Lopez', '1967/08/19', 35, 'Personnel');
insert into user (username, password, name, birthday, age, type) values ('rboyd2r', 'fiLWuU', 'Raymond Boyd', '1986/08/26', 37, 'Personnel');


-- Plot
insert into plot (plotId, area, capacity, plotStatus, username) values (1, 851, 340, 'Free', 'krislenon707');
insert into plot (plotId, area, capacity, plotStatus, username) values (2, 737, 771, 'Free', 'mico');
insert into plot (plotId, area, capacity, plotStatus, username) values (3, 677, 222, 'Free', 'cmoreno0');
insert into plot (plotId, area, capacity, plotStatus, username) values (4, 92, 721, 'Occupied', 'jjohnston1');
insert into plot (plotId, area, capacity, plotStatus, username) values (5, 103, 880, 'Occupied', 'pfowler2');
insert into plot (plotId, area, capacity, plotStatus, username) values (6, 925, 878, 'Occupied', 'sturner3');
insert into plot (plotId, area, capacity, plotStatus, username) values (7, 147, 217, 'Occupied', 'gcarter4');
insert into plot (plotId, area, capacity, plotStatus, username) values (8, 572, 966, 'Free', 'ecook5');
insert into plot (plotId, area, capacity, plotStatus, username) values (9, 936, 385, 'Free', 'kweaver6');
insert into plot (plotId, area, capacity, plotStatus, username) values (10, 837, 664, 'Occupied', 'jkennedy7');
insert into plot (plotId, area, capacity, plotStatus, username) values (11, 913, 879, 'Free', 'rharper8');
insert into plot (plotId, area, capacity, plotStatus, username) values (12, 222, 27, 'Occupied', 'kduncan9');
insert into plot (plotId, area, capacity, plotStatus, username) values (13, 694, 937, 'Occupied', 'cgarzaa');
insert into plot (plotId, area, capacity, plotStatus, username) values (14, 811, 606, 'Free', 'mhansonb');
insert into plot (plotId, area, capacity, plotStatus, username) values (15, 993, 742, 'Free', 'jrobertsc');
insert into plot (plotId, area, capacity, plotStatus, username) values (16, 255, 191, 'Occupied', 'jcarrolld');
insert into plot (plotId, area, capacity, plotStatus, username) values (17, 591, 338, 'Free', 'afraziere');
insert into plot (plotId, area, capacity, plotStatus, username) values (18, 345, 730, 'Free', 'thuntf');
insert into plot (plotId, area, capacity, plotStatus, username) values (19, 421, 507, 'Free', 'rhernandezg');
insert into plot (plotId, area, capacity, plotStatus, username) values (20, 152, 914, 'Occupied', 'jromeroh');
insert into plot (plotId, area, capacity, plotStatus, username) values (21, 515, 749, 'Occupied', 'psandersi');
insert into plot (plotId, area, capacity, plotStatus, username) values (22, 540, 74, 'Occupied', 'jgarciaj');
insert into plot (plotId, area, capacity, plotStatus, username) values (23, 409, 812, 'Occupied', 'mdeank');
insert into plot (plotId, area, capacity, plotStatus, username) values (24, 294, 805, 'Occupied', 'jmarshalll');
insert into plot (plotId, area, capacity, plotStatus, username) values (25, 479, 536, 'Free', 'vmasonm');
insert into plot (plotId, area, capacity, plotStatus, username) values (26, 662, 665, 'Occupied', 'rgutierrezn');
insert into plot (plotId, area, capacity, plotStatus, username) values (27, 367, 432, 'Occupied', 'rkingo');
insert into plot (plotId, area, capacity, plotStatus, username) values (28, 273, 597, 'Occupied', 'bmendozap');
insert into plot (plotId, area, capacity, plotStatus, username) values (29, 346, 346, 'Occupied', 'jdunnq');
insert into plot (plotId, area, capacity, plotStatus, username) values (30, 233, 992, 'Free', 'sphillipsr');
insert into plot (plotId, area, capacity, plotStatus, username) values (31, 30, 120, 'Free', 'dtuckers');
insert into plot (plotId, area, capacity, plotStatus, username) values (32, 760, 742, 'Free', 'mortizt');
insert into plot (plotId, area, capacity, plotStatus, username) values (33, 922, 116, 'Free', 'nsimpsonu');
insert into plot (plotId, area, capacity, plotStatus, username) values (34, 564, 702, 'Occupied', 'jnelsonv');
insert into plot (plotId, area, capacity, plotStatus, username) values (35, 646, 819, 'Free', 'jfosterw');
insert into plot (plotId, area, capacity, plotStatus, username) values (36, 814, 830, 'Free', 'lmillsx');
insert into plot (plotId, area, capacity, plotStatus, username) values (37, 814, 752, 'Occupied', 'lolsony');
insert into plot (plotId, area, capacity, plotStatus, username) values (38, 430, 45, 'Occupied', 'bburnsz');
insert into plot (plotId, area, capacity, plotStatus, username) values (39, 28, 55, 'Free', 'vmorales10');
insert into plot (plotId, area, capacity, plotStatus, username) values (40, 742, 843, 'Free', 'ehenderson11');
insert into plot (plotId, area, capacity, plotStatus, username) values (41, 604, 519, 'Occupied', 'rcooper12');
insert into plot (plotId, area, capacity, plotStatus, username) values (42, 887, 10, 'Occupied', 'dschmidt13');
insert into plot (plotId, area, capacity, plotStatus, username) values (43, 54, 875, 'Free', 'cromero14');
insert into plot (plotId, area, capacity, plotStatus, username) values (44, 297, 526, 'Occupied', 'mfowler15');
insert into plot (plotId, area, capacity, plotStatus, username) values (45, 910, 983, 'Occupied', 'trobinson16');
insert into plot (plotId, area, capacity, plotStatus, username) values (46, 965, 628, 'Occupied', 'jtorres17');
insert into plot (plotId, area, capacity, plotStatus, username) values (47, 576, 877, 'Free', 'nromero18');
insert into plot (plotId, area, capacity, plotStatus, username) values (48, 986, 144, 'Free', 'briley19');
insert into plot (plotId, area, capacity, plotStatus, username) values (49, 320, 888, 'Occupied', 'barmstrong1a');
insert into plot (plotId, area, capacity, plotStatus, username) values (50, 785, 794, 'Free', 'jrussell1b');
insert into plot (plotId, area, capacity, plotStatus, username) values (51, 971, 254, 'Occupied', 'bmorrison1c');
insert into plot (plotId, area, capacity, plotStatus, username) values (52, 715, 424, 'Free', 'dfisher1d');
insert into plot (plotId, area, capacity, plotStatus, username) values (53, 637, 952, 'Occupied', 'elawrence1e');
insert into plot (plotId, area, capacity, plotStatus, username) values (54, 338, 965, 'Occupied', 'lhoward1f');
insert into plot (plotId, area, capacity, plotStatus, username) values (55, 205, 587, 'Occupied', 'jgardner1g');
insert into plot (plotId, area, capacity, plotStatus, username) values (56, 443, 925, 'Free', 'ahudson1h');
insert into plot (plotId, area, capacity, plotStatus, username) values (57, 20, 797, 'Occupied', 'tgordon1i');
insert into plot (plotId, area, capacity, plotStatus, username) values (58, 163, 126, 'Occupied', 'ccarpenter1j');
insert into plot (plotId, area, capacity, plotStatus, username) values (59, 707, 220, 'Occupied', 'kwelch1k');
insert into plot (plotId, area, capacity, plotStatus, username) values (60, 503, 734, 'Free', 'pmeyer1l');
insert into plot (plotId, area, capacity, plotStatus, username) values (61, 424, 205, 'Free', 'kwest1m');
insert into plot (plotId, area, capacity, plotStatus, username) values (62, 899, 123, 'Free', 'tharvey1n');
insert into plot (plotId, area, capacity, plotStatus, username) values (63, 218, 443, 'Free', 'jaustin1o');
insert into plot (plotId, area, capacity, plotStatus, username) values (64, 118, 768, 'Occupied', 'vcox1p');
insert into plot (plotId, area, capacity, plotStatus, username) values (65, 229, 388, 'Free', 'glopez1q');
insert into plot (plotId, area, capacity, plotStatus, username) values (66, 773, 627, 'Occupied', 'wryan1r');
insert into plot (plotId, area, capacity, plotStatus, username) values (67, 256, 767, 'Occupied', 'polson1s');
insert into plot (plotId, area, capacity, plotStatus, username) values (68, 225, 25, 'Free', 'sharrison1t');
insert into plot (plotId, area, capacity, plotStatus, username) values (69, 238, 610, 'Free', 'jmeyer1u');
insert into plot (plotId, area, capacity, plotStatus, username) values (70, 324, 155, 'Free', 'edavis1v');
insert into plot (plotId, area, capacity, plotStatus, username) values (71, 407, 202, 'Occupied', 'awagner1w');
insert into plot (plotId, area, capacity, plotStatus, username) values (72, 801, 919, 'Occupied', 'cgardner1x');
insert into plot (plotId, area, capacity, plotStatus, username) values (73, 508, 747, 'Free', 'kdean1y');
insert into plot (plotId, area, capacity, plotStatus, username) values (74, 291, 813, 'Free', 'tbailey1z');
insert into plot (plotId, area, capacity, plotStatus, username) values (75, 88, 828, 'Free', 'marmstrong20');
insert into plot (plotId, area, capacity, plotStatus, username) values (76, 195, 759, 'Occupied', 'lwillis21');
insert into plot (plotId, area, capacity, plotStatus, username) values (77, 494, 23, 'Occupied', 'rschmidt22');
insert into plot (plotId, area, capacity, plotStatus, username) values (78, 894, 383, 'Free', 'sjordan23');
insert into plot (plotId, area, capacity, plotStatus, username) values (79, 127, 906, 'Free', 'efreeman24');
insert into plot (plotId, area, capacity, plotStatus, username) values (80, 330, 714, 'Occupied', 'nramirez25');
insert into plot (plotId, area, capacity, plotStatus, username) values (81, 994, 873, 'Free', 'lmartinez26');
insert into plot (plotId, area, capacity, plotStatus, username) values (82, 573, 140, 'Occupied', 'rday27');
insert into plot (plotId, area, capacity, plotStatus, username) values (83, 387, 536, 'Free', 'jwoods28');
insert into plot (plotId, area, capacity, plotStatus, username) values (84, 990, 73, 'Free', 'jhunt29');
insert into plot (plotId, area, capacity, plotStatus, username) values (85, 685, 561, 'Free', 'blane2a');
insert into plot (plotId, area, capacity, plotStatus, username) values (86, 745, 134, 'Occupied', 'psmith2b');
insert into plot (plotId, area, capacity, plotStatus, username) values (87, 680, 958, 'Free', 'revans2c');
insert into plot (plotId, area, capacity, plotStatus, username) values (88, 730, 589, 'Free', 'agibson2d');
insert into plot (plotId, area, capacity, plotStatus, username) values (89, 843, 524, 'Free', 'twilliamson2e');
insert into plot (plotId, area, capacity, plotStatus, username) values (90, 493, 858, 'Free', 'prichardson2f');
insert into plot (plotId, area, capacity, plotStatus, username) values (91, 302, 758, 'Free', 'dpowell2g');
insert into plot (plotId, area, capacity, plotStatus, username) values (92, 35, 585, 'Occupied', 'tspencer2h');
insert into plot (plotId, area, capacity, plotStatus, username) values (93, 304, 398, 'Free', 'akim2i');
insert into plot (plotId, area, capacity, plotStatus, username) values (94, 746, 919, 'Occupied', 'lhoward2j');
insert into plot (plotId, area, capacity, plotStatus, username) values (95, 701, 36, 'Occupied', 'nelliott2k');
insert into plot (plotId, area, capacity, plotStatus, username) values (96, 466, 268, 'Free', 'dvasquez2l');
insert into plot (plotId, area, capacity, plotStatus, username) values (97, 211, 592, 'Occupied', 'mallen2m');
insert into plot (plotId, area, capacity, plotStatus, username) values (98, 473, 398, 'Occupied', 'pmccoy2n');
insert into plot (plotId, area, capacity, plotStatus, username) values (99, 496, 173, 'Occupied', 'lholmes2o');
insert into plot (plotId, area, capacity, plotStatus, username) values (100, 843, 59, 'Free', 'lmedina2p');
insert into plot (plotId, area, capacity, plotStatus, username) values (101, 318, 683, 'Occupied', 'llopez2q');
insert into plot (plotId, area, capacity, plotStatus, username) values (102, 410, 62, 'Occupied', 'rboyd2r');

insert into request (requestNo, requestDate, username, requestDefinition) values (1, '2016/01/01', 'twilliamson2e', 'Apply fertilizer');
insert into request (requestNo, requestDate, username, requestDefinition) values (2, '2016/02/05', 'mfowler15', 'Apply fertilizer');
insert into request (requestNo, requestDate, username, requestDefinition) values (3, '2016/03/07', 'polson1s', 'Apply fertilizer');
insert into request (requestNo, requestDate, username, requestDefinition) values (4, '2016/01/07', 'lmedina2p', 'Planting');
insert into request (requestNo, requestDate, username, requestDefinition) values (5, '2015/12/23', 'nramirez25', 'Planting');
insert into request (requestNo, requestDate, username, requestDefinition) values (6, '2016/10/17', 'bburnsz', 'Plowing');
insert into request (requestNo, requestDate, username, requestDefinition) values (7, '2016/02/28', 'mdeank', 'Apply fertilizer');
insert into request (requestNo, requestDate, username, requestDefinition) values (8, '2016/04/12', 'trobinson16', 'Plowing');
insert into request (requestNo, requestDate, username, requestDefinition) values (9, '2016/11/18', 'akim2i', 'Plowing');
insert into request (requestNo, requestDate, username, requestDefinition) values (10, '2016/07/02', 'tgordon1i', 'Harvesting');
insert into request (requestNo, requestDate, username, requestDefinition) values (11, '2016/10/31', 'bmendozap', 'Maintaining irrigation');
insert into request (requestNo, requestDate, username, requestDefinition) values (12, '2016/08/30', 'lhoward2j', 'Maintaining irrigation');
insert into request (requestNo, requestDate, username, requestDefinition) values (13, '2016/10/12', 'kwest1m', 'Harvesting');
insert into request (requestNo, requestDate, username, requestDefinition) values (14, '2016/09/28', 'jgardner1g', 'Maintaining irrigation');
insert into request (requestNo, requestDate, username, requestDefinition) values (15, '2016/03/09', 'bmorrison1c', 'Plowing');
insert into request (requestNo, requestDate, username, requestDefinition) values (16, '2016/08/16', 'jrussell1b', 'Plowing');
insert into request (requestNo, requestDate, username, requestDefinition) values (17, '2016/01/02', 'rboyd2r', 'Plowing');
insert into request (requestNo, requestDate, username, requestDefinition) values (18, '2016/03/26', 'tspencer2h', 'Harvesting');
insert into request (requestNo, requestDate, username, requestDefinition) values (19, '2016/10/23', 'afraziere', 'Raking');
insert into request (requestNo, requestDate, username, requestDefinition) values (20, '2016/07/23', 'awagner1w', 'Harvesting');
insert into request (requestNo, requestDate, username, requestDefinition) values (21, '2016/10/09', 'cgardner1x', 'Maintaining irrigation');
insert into request (requestNo, requestDate, username, requestDefinition) values (22, '2016/01/20', 'dvasquez2l', 'Apply fertilizer');
insert into request (requestNo, requestDate, username, requestDefinition) values (23, '2016/05/16', 'bmendozap', 'Plowing');
insert into request (requestNo, requestDate, username, requestDefinition) values (24, '2015/12/19', 'lhoward1f', 'Plowing');
insert into request (requestNo, requestDate, username, requestDefinition) values (25, '2016/04/19', 'jjohnston1', 'Harvesting');
insert into request (requestNo, requestDate, username, requestDefinition) values (26, '2016/06/18', 'cgardner1x', 'Raking');
insert into request (requestNo, requestDate, username, requestDefinition) values (27, '2016/03/10', 'cgardner1x', 'Harvesting');
insert into request (requestNo, requestDate, username, requestDefinition) values (28, '2016/06/26', 'jrussell1b', 'Raking');
insert into request (requestNo, requestDate, username, requestDefinition) values (29, '2016/05/03', 'dfisher1d', 'Maintaining irrigation');
insert into request (requestNo, requestDate, username, requestDefinition) values (30, '2016/08/19', 'jgarciaj', 'Maintaining irrigation');
insert into request (requestNo, requestDate, username, requestDefinition) values (31, '2016/09/27', 'jtorres17', 'Harvesting');
insert into request (requestNo, requestDate, username, requestDefinition) values (32, '2016/06/14', 'mico', 'Apply fertilizer');
insert into request (requestNo, requestDate, username, requestDefinition) values (33, '2016/07/26', 'efreeman24', 'Maintaining irrigation');
insert into request (requestNo, requestDate, username, requestDefinition) values (34, '2016/02/07', 'jrobertsc', 'Plowing');
insert into request (requestNo, requestDate, username, requestDefinition) values (35, '2016/06/04', 'ahudson1h', 'Plowing');
insert into request (requestNo, requestDate, username, requestDefinition) values (36, '2016/08/31', 'barmstrong1a', 'Planting');
insert into request (requestNo, requestDate, username, requestDefinition) values (37, '2016/05/30', 'kwest1m', 'Raking');
insert into request (requestNo, requestDate, username, requestDefinition) values (38, '2016/11/16', 'jrobertsc', 'Planting');
insert into request (requestNo, requestDate, username, requestDefinition) values (39, '2016/01/30', 'ecook5', 'Raking');
insert into request (requestNo, requestDate, username, requestDefinition) values (40, '2016/03/31', 'bmendozap', 'Maintaining irrigation');
insert into request (requestNo, requestDate, username, requestDefinition) values (41, '2016/08/18', 'bmendozap', 'Planting');
insert into request (requestNo, requestDate, username, requestDefinition) values (42, '2016/04/04', 'jaustin1o', 'Apply fertilizer');
insert into request (requestNo, requestDate, username, requestDefinition) values (43, '2016/11/15', 'akim2i', 'Plowing');
insert into request (requestNo, requestDate, username, requestDefinition) values (44, '2016/11/23', 'ehenderson11', 'Harvesting');
insert into request (requestNo, requestDate, username, requestDefinition) values (45, '2016/08/11', 'awagner1w', 'Harvesting');
insert into request (requestNo, requestDate, username, requestDefinition) values (46, '2016/07/23', 'mfowler15', 'Apply fertilizer');
insert into request (requestNo, requestDate, username, requestDefinition) values (47, '2016/03/19', 'bburnsz', 'Apply fertilizer');
insert into request (requestNo, requestDate, username, requestDefinition) values (48, '2016/10/05', 'jcarrolld', 'Apply fertilizer');
insert into request (requestNo, requestDate, username, requestDefinition) values (49, '2016/01/27', 'lwillis21', 'Plowing');
insert into request (requestNo, requestDate, username, requestDefinition) values (50, '2016/10/14', 'llopez2q', 'Apply fertilizer');
insert into request (requestNo, requestDate, username, requestDefinition) values (51, '2016/03/24', 'jdunnq', 'Harvesting');
insert into request (requestNo, requestDate, username, requestDefinition) values (52, '2016/07/08', 'tharvey1n', 'Plowing');
insert into request (requestNo, requestDate, username, requestDefinition) values (53, '2016/10/03', 'gcarter4', 'Plowing');
insert into request (requestNo, requestDate, username, requestDefinition) values (54, '2016/08/10', 'sphillipsr', 'Apply fertilizer');
insert into request (requestNo, requestDate, username, requestDefinition) values (55, '2016/03/01', 'kweaver6', 'Harvesting');
insert into request (requestNo, requestDate, username, requestDefinition) values (56, '2016/09/20', 'vcox1p', 'Harvesting');
insert into request (requestNo, requestDate, username, requestDefinition) values (57, '2016/01/10', 'jmeyer1u', 'Harvesting');
insert into request (requestNo, requestDate, username, requestDefinition) values (58, '2016/03/28', 'krislenon707', 'Apply fertilizer');
insert into request (requestNo, requestDate, username, requestDefinition) values (59, '2016/06/11', 'jrussell1b', 'Plowing');
insert into request (requestNo, requestDate, username, requestDefinition) values (60, '2016/10/19', 'nelliott2k', 'Maintaining irrigation');
insert into request (requestNo, requestDate, username, requestDefinition) values (61, '2016/05/10', 'blane2a', 'Plowing');
insert into request (requestNo, requestDate, username, requestDefinition) values (62, '2016/09/28', 'lholmes2o', 'Raking');
insert into request (requestNo, requestDate, username, requestDefinition) values (63, '2016/10/25', 'tgordon1i', 'Planting');
insert into request (requestNo, requestDate, username, requestDefinition) values (64, '2016/05/09', 'jhunt29', 'Harvesting');
insert into request (requestNo, requestDate, username, requestDefinition) values (65, '2016/08/26', 'kwest1m', 'Raking');
insert into request (requestNo, requestDate, username, requestDefinition) values (66, '2015/12/07', 'jfosterw', 'Planting');
insert into request (requestNo, requestDate, username, requestDefinition) values (67, '2016/09/30', 'lholmes2o', 'Planting');
insert into request (requestNo, requestDate, username, requestDefinition) values (68, '2016/11/23', 'jwoods28', 'Harvesting');
insert into request (requestNo, requestDate, username, requestDefinition) values (69, '2016/03/05', 'glopez1q', 'Harvesting');
insert into request (requestNo, requestDate, username, requestDefinition) values (70, '2015/12/26', 'vmasonm', 'Apply fertilizer');
insert into request (requestNo, requestDate, username, requestDefinition) values (71, '2015/12/05', 'kdean1y', 'Planting');
insert into request (requestNo, requestDate, username, requestDefinition) values (72, '2016/01/20', 'dschmidt13', 'Plowing');
insert into request (requestNo, requestDate, username, requestDefinition) values (73, '2016/02/26', 'dtuckers', 'Maintaining irrigation');
insert into request (requestNo, requestDate, username, requestDefinition) values (74, '2016/01/12', 'pmccoy2n', 'Plowing');
insert into request (requestNo, requestDate, username, requestDefinition) values (75, '2016/09/03', 'mhansonb', 'Harvesting');
insert into request (requestNo, requestDate, username, requestDefinition) values (76, '2016/07/23', 'nromero18', 'Harvesting');
insert into request (requestNo, requestDate, username, requestDefinition) values (77, '2016/02/17', 'dfisher1d', 'Harvesting');
insert into request (requestNo, requestDate, username, requestDefinition) values (78, '2016/06/10', 'edavis1v', 'Plowing');
insert into request (requestNo, requestDate, username, requestDefinition) values (79, '2016/06/24', 'dpowell2g', 'Harvesting');
insert into request (requestNo, requestDate, username, requestDefinition) values (80, '2015/12/25', 'wryan1r', 'Raking');
insert into request (requestNo, requestDate, username, requestDefinition) values (81, '2016/10/03', 'wryan1r', 'Apply fertilizer');
insert into request (requestNo, requestDate, username, requestDefinition) values (82, '2016/02/14', 'jnelsonv', 'Maintaining irrigation');
insert into request (requestNo, requestDate, username, requestDefinition) values (83, '2016/11/15', 'mhansonb', 'Maintaining irrigation');
insert into request (requestNo, requestDate, username, requestDefinition) values (84, '2016/03/29', 'tgordon1i', 'Planting');
insert into request (requestNo, requestDate, username, requestDefinition) values (85, '2016/10/19', 'afraziere', 'Maintaining irrigation');
insert into request (requestNo, requestDate, username, requestDefinition) values (86, '2016/09/27', 'prichardson2f', 'Planting');
insert into request (requestNo, requestDate, username, requestDefinition) values (87, '2016/05/25', 'jromeroh', 'Raking');
insert into request (requestNo, requestDate, username, requestDefinition) values (88, '2016/03/23', 'sjordan23', 'Maintaining irrigation');
insert into request (requestNo, requestDate, username, requestDefinition) values (89, '2016/02/14', 'thuntf', 'Planting');
insert into request (requestNo, requestDate, username, requestDefinition) values (90, '2016/04/25', 'dtuckers', 'Planting');
insert into request (requestNo, requestDate, username, requestDefinition) values (91, '2016/10/11', 'wryan1r', 'Apply fertilizer');
insert into request (requestNo, requestDate, username, requestDefinition) values (92, '2016/01/25', 'thuntf', 'Plowing');
insert into request (requestNo, requestDate, username, requestDefinition) values (93, '2016/01/20', 'lmedina2p', 'Harvesting');
insert into request (requestNo, requestDate, username, requestDefinition) values (94, '2015/12/30', 'barmstrong1a', 'Harvesting');
insert into request (requestNo, requestDate, username, requestDefinition) values (95, '2016/08/14', 'nramirez25', 'Plowing');
insert into request (requestNo, requestDate, username, requestDefinition) values (96, '2016/05/25', 'dfisher1d', 'Raking');
insert into request (requestNo, requestDate, username, requestDefinition) values (97, '2016/10/19', 'rgutierrezn', 'Apply fertilizer');
insert into request (requestNo, requestDate, username, requestDefinition) values (98, '2016/10/24', 'ecook5', 'Apply fertilizer');
insert into request (requestNo, requestDate, username, requestDefinition) values (99, '2015/12/17', 'kwest1m', 'Apply fertilizer');
insert into request (requestNo, requestDate, username, requestDefinition) values (100, '2016/03/10', 'lhoward2j', 'Apply fertilizer');
insert into request (requestNo, requestDate, username, requestDefinition) values (101, '2016/11/24', 'pmccoy2n', 'Raking');
insert into request (requestNo, requestDate, username, requestDefinition) values (102, '2016/07/29', 'kweaver6', 'Harvesting');


insert into farmActivity (activityName, startDate, dueDate, activityStatus, requestNo) values (1, '2016/11/29', '2017/10/22', 'Ongoing', 46);
insert into farmActivity (activityName, startDate, dueDate, activityStatus, requestNo) values (2, '2016/09/05', '2017/09/25', 'Dropped', 44);
insert into farmActivity (activityName, startDate, dueDate, activityStatus, requestNo) values (3, '2016/02/15', '2017/05/27', 'Ongoing', 1);
insert into farmActivity (activityName, startDate, dueDate, activityStatus, requestNo) values (4, '2016/09/23', '2017/08/17', 'Ongoing', 64);
insert into farmActivity (activityName, startDate, dueDate, activityStatus, requestNo) values (5, '2016/01/08', '2017/04/09', 'Completed', 60);
insert into farmActivity (activityName, startDate, dueDate, activityStatus, requestNo) values (6, '2016/07/20', '2017/03/04', 'Completed', 21);
insert into farmActivity (activityName, startDate, dueDate, activityStatus, requestNo) values (7, '2016/07/18', '2017/01/24', 'Dropped', 72);
insert into farmActivity (activityName, startDate, dueDate, activityStatus, requestNo) values (8, '2016/05/16', '2017/08/02', 'Dropped', 48);
insert into farmActivity (activityName, startDate, dueDate, activityStatus, requestNo) values (9, '2016/03/21', '2017/06/25', 'Ongoing', 47);
insert into farmActivity (activityName, startDate, dueDate, activityStatus, requestNo) values (10, '2016/08/08', '2017/07/07', 'Dropped', 9);
insert into farmActivity (activityName, startDate, dueDate, activityStatus, requestNo) values (11, '2016/08/29', '2017/04/20', 'Dropped', 98);
insert into farmActivity (activityName, startDate, dueDate, activityStatus, requestNo) values (12, '2016/12/01', '2017/03/25', 'Dropped', 22);
insert into farmActivity (activityName, startDate, dueDate, activityStatus, requestNo) values (13, '2016/08/14', '2017/10/28', 'Ongoing', 83);
insert into farmActivity (activityName, startDate, dueDate, activityStatus, requestNo) values (14, '2016/04/14', '2017/01/23', 'Completed', 21);
insert into farmActivity (activityName, startDate, dueDate, activityStatus, requestNo) values (15, '2015/12/28', '2017/03/22', 'Dropped', 80);
insert into farmActivity (activityName, startDate, dueDate, activityStatus, requestNo) values (16, '2016/03/18', '2017/05/26', 'Completed', 75);
insert into farmActivity (activityName, startDate, dueDate, activityStatus, requestNo) values (17, '2016/02/21', '2017/03/12', 'Completed', 7);
insert into farmActivity (activityName, startDate, dueDate, activityStatus, requestNo) values (18, '2015/12/12', '2017/05/20', 'Completed', 101);
insert into farmActivity (activityName, startDate, dueDate, activityStatus, requestNo) values (19, '2016/11/03', '2017/05/02', 'Ongoing', 33);
insert into farmActivity (activityName, startDate, dueDate, activityStatus, requestNo) values (20, '2016/03/31', '2017/02/01', 'Dropped', 71);
insert into farmActivity (activityName, startDate, dueDate, activityStatus, requestNo) values (21, '2016/02/01', '2017/09/20', 'Completed', 26);
insert into farmActivity (activityName, startDate, dueDate, activityStatus, requestNo) values (22, '2016/02/17', '2017/05/12', 'Completed', 55);
insert into farmActivity (activityName, startDate, dueDate, activityStatus, requestNo) values (23, '2016/11/15', '2017/08/04', 'Completed', 64);
insert into farmActivity (activityName, startDate, dueDate, activityStatus, requestNo) values (24, '2016/06/25', '2017/10/11', 'Dropped', 23);
insert into farmActivity (activityName, startDate, dueDate, activityStatus, requestNo) values (25, '2016/11/08', '2017/04/26', 'Ongoing', 77);
insert into farmActivity (activityName, startDate, dueDate, activityStatus, requestNo) values (26, '2016/12/01', '2017/04/07', 'Ongoing', 95);
insert into farmActivity (activityName, startDate, dueDate, activityStatus, requestNo) values (27, '2016/08/17', '2017/07/27', 'Dropped', 45);
insert into farmActivity (activityName, startDate, dueDate, activityStatus, requestNo) values (28, '2016/03/12', '2016/12/19', 'Completed', 95);
insert into farmActivity (activityName, startDate, dueDate, activityStatus, requestNo) values (29, '2016/07/08', '2016/12/10', 'Ongoing', 96);
insert into farmActivity (activityName, startDate, dueDate, activityStatus, requestNo) values (30, '2016/11/26', '2017/05/03', 'Completed', 56);
insert into farmActivity (activityName, startDate, dueDate, activityStatus, requestNo) values (31, '2016/07/10', '2017/01/20', 'Completed', 2);
insert into farmActivity (activityName, startDate, dueDate, activityStatus, requestNo) values (32, '2016/07/11', '2017/02/07', 'Completed', 22);
insert into farmActivity (activityName, startDate, dueDate, activityStatus, requestNo) values (33, '2016/11/28', '2017/07/09', 'Dropped', 76);
insert into farmActivity (activityName, startDate, dueDate, activityStatus, requestNo) values (34, '2016/11/16', '2017/09/12', 'Completed', 12);
insert into farmActivity (activityName, startDate, dueDate, activityStatus, requestNo) values (35, '2016/04/15', '2017/07/20', 'Dropped', 8);
insert into farmActivity (activityName, startDate, dueDate, activityStatus, requestNo) values (36, '2016/04/17', '2017/05/26', 'Completed', 15);
insert into farmActivity (activityName, startDate, dueDate, activityStatus, requestNo) values (37, '2016/08/19', '2017/11/13', 'Completed', 47);
insert into farmActivity (activityName, startDate, dueDate, activityStatus, requestNo) values (38, '2016/09/17', '2017/04/06', 'Completed', 94);
insert into farmActivity (activityName, startDate, dueDate, activityStatus, requestNo) values (39, '2016/05/11', '2017/07/23', 'Completed', 62);
insert into farmActivity (activityName, startDate, dueDate, activityStatus, requestNo) values (40, '2016/11/27', '2017/04/22', 'Completed', 93);
insert into farmActivity (activityName, startDate, dueDate, activityStatus, requestNo) values (41, '2016/08/15', '2017/02/24', 'Dropped', 34);
insert into farmActivity (activityName, startDate, dueDate, activityStatus, requestNo) values (42, '2015/12/26', '2017/09/09', 'Ongoing', 51);
insert into farmActivity (activityName, startDate, dueDate, activityStatus, requestNo) values (43, '2016/11/29', '2017/11/28', 'Ongoing', 60);
insert into farmActivity (activityName, startDate, dueDate, activityStatus, requestNo) values (44, '2016/04/01', '2017/01/11', 'Dropped', 12);
insert into farmActivity (activityName, startDate, dueDate, activityStatus, requestNo) values (45, '2016/07/25', '2016/12/27', 'Dropped', 23);
insert into farmActivity (activityName, startDate, dueDate, activityStatus, requestNo) values (46, '2016/06/02', '2017/07/26', 'Ongoing', 57);
insert into farmActivity (activityName, startDate, dueDate, activityStatus, requestNo) values (47, '2016/01/06', '2017/01/19', 'Dropped', 69);
insert into farmActivity (activityName, startDate, dueDate, activityStatus, requestNo) values (48, '2016/11/03', '2017/02/20', 'Dropped', 93);
insert into farmActivity (activityName, startDate, dueDate, activityStatus, requestNo) values (49, '2016/05/21', '2017/07/11', 'Completed', 69);
insert into farmActivity (activityName, startDate, dueDate, activityStatus, requestNo) values (50, '2015/12/19', '2017/08/27', 'Completed', 21);
insert into farmActivity (activityName, startDate, dueDate, activityStatus, requestNo) values (51, '2016/02/26', '2017/02/23', 'Completed', 71);
insert into farmActivity (activityName, startDate, dueDate, activityStatus, requestNo) values (52, '2016/09/12', '2017/08/10', 'Ongoing', 7);
insert into farmActivity (activityName, startDate, dueDate, activityStatus, requestNo) values (53, '2016/02/22', '2017/06/14', 'Completed', 83);
insert into farmActivity (activityName, startDate, dueDate, activityStatus, requestNo) values (54, '2016/06/12', '2017/01/25', 'Ongoing', 93);
insert into farmActivity (activityName, startDate, dueDate, activityStatus, requestNo) values (55, '2016/06/04', '2017/08/13', 'Ongoing', 3);
insert into farmActivity (activityName, startDate, dueDate, activityStatus, requestNo) values (56, '2016/01/06', '2017/07/13', 'Dropped', 19);
insert into farmActivity (activityName, startDate, dueDate, activityStatus, requestNo) values (57, '2016/11/26', '2017/01/02', 'Dropped', 9);
insert into farmActivity (activityName, startDate, dueDate, activityStatus, requestNo) values (58, '2016/09/17', '2017/04/22', 'Ongoing', 45);
insert into farmActivity (activityName, startDate, dueDate, activityStatus, requestNo) values (59, '2016/08/30', '2017/02/27', 'Ongoing', 70);
insert into farmActivity (activityName, startDate, dueDate, activityStatus, requestNo) values (60, '2016/11/19', '2017/01/28', 'Completed', 5);
insert into farmActivity (activityName, startDate, dueDate, activityStatus, requestNo) values (61, '2016/09/10', '2017/01/30', 'Ongoing', 9);
insert into farmActivity (activityName, startDate, dueDate, activityStatus, requestNo) values (62, '2016/07/19', '2017/01/31', 'Ongoing', 6);
insert into farmActivity (activityName, startDate, dueDate, activityStatus, requestNo) values (63, '2016/10/17', '2017/11/02', 'Ongoing', 7);
insert into farmActivity (activityName, startDate, dueDate, activityStatus, requestNo) values (64, '2016/05/18', '2017/03/10', 'Dropped', 64);
insert into farmActivity (activityName, startDate, dueDate, activityStatus, requestNo) values (65, '2016/01/08', '2017/07/10', 'Ongoing', 37);
insert into farmActivity (activityName, startDate, dueDate, activityStatus, requestNo) values (66, '2016/01/24', '2017/11/07', 'Completed', 37);
insert into farmActivity (activityName, startDate, dueDate, activityStatus, requestNo) values (67, '2016/07/01', '2017/09/24', 'Dropped', 47);
insert into farmActivity (activityName, startDate, dueDate, activityStatus, requestNo) values (68, '2016/10/07', '2017/02/04', 'Ongoing', 32);
insert into farmActivity (activityName, startDate, dueDate, activityStatus, requestNo) values (69, '2015/12/06', '2017/01/06', 'Completed', 53);
insert into farmActivity (activityName, startDate, dueDate, activityStatus, requestNo) values (70, '2016/01/17', '2017/07/04', 'Ongoing', 41);
insert into farmActivity (activityName, startDate, dueDate, activityStatus, requestNo) values (71, '2016/09/24', '2017/04/19', 'Ongoing', 53);
insert into farmActivity (activityName, startDate, dueDate, activityStatus, requestNo) values (72, '2016/10/07', '2017/02/27', 'Completed', 66);
insert into farmActivity (activityName, startDate, dueDate, activityStatus, requestNo) values (73, '2016/04/22', '2017/10/04', 'Dropped', 76);
insert into farmActivity (activityName, startDate, dueDate, activityStatus, requestNo) values (74, '2016/09/04', '2017/08/27', 'Completed', 92);
insert into farmActivity (activityName, startDate, dueDate, activityStatus, requestNo) values (75, '2016/08/04', '2016/12/28', 'Completed', 63);
insert into farmActivity (activityName, startDate, dueDate, activityStatus, requestNo) values (76, '2016/02/02', '2017/09/23', 'Dropped', 98);
insert into farmActivity (activityName, startDate, dueDate, activityStatus, requestNo) values (77, '2016/08/30', '2017/07/24', 'Dropped', 3);
insert into farmActivity (activityName, startDate, dueDate, activityStatus, requestNo) values (78, '2016/03/26', '2017/01/25', 'Completed', 101);
insert into farmActivity (activityName, startDate, dueDate, activityStatus, requestNo) values (79, '2016/01/21', '2017/07/12', 'Dropped', 86);
insert into farmActivity (activityName, startDate, dueDate, activityStatus, requestNo) values (80, '2015/12/29', '2017/07/07', 'Completed', 91);
insert into farmActivity (activityName, startDate, dueDate, activityStatus, requestNo) values (81, '2016/11/18', '2017/02/22', 'Dropped', 33);
insert into farmActivity (activityName, startDate, dueDate, activityStatus, requestNo) values (82, '2016/04/11', '2017/02/10', 'Completed', 63);
insert into farmActivity (activityName, startDate, dueDate, activityStatus, requestNo) values (83, '2016/05/26', '2017/06/11', 'Dropped', 43);
insert into farmActivity (activityName, startDate, dueDate, activityStatus, requestNo) values (84, '2016/06/08', '2017/03/17', 'Ongoing', 25);
insert into farmActivity (activityName, startDate, dueDate, activityStatus, requestNo) values (85, '2016/10/14', '2017/02/05', 'Ongoing', 6);
insert into farmActivity (activityName, startDate, dueDate, activityStatus, requestNo) values (86, '2016/04/20', '2017/04/03', 'Completed', 32);
insert into farmActivity (activityName, startDate, dueDate, activityStatus, requestNo) values (87, '2016/09/04', '2017/08/05', 'Completed', 21);
insert into farmActivity (activityName, startDate, dueDate, activityStatus, requestNo) values (88, '2016/09/05', '2017/10/12', 'Ongoing', 51);
insert into farmActivity (activityName, startDate, dueDate, activityStatus, requestNo) values (89, '2016/01/10', '2017/04/29', 'Ongoing', 15);
insert into farmActivity (activityName, startDate, dueDate, activityStatus, requestNo) values (90, '2016/11/02', '2016/12/13', 'Completed', 89);
insert into farmActivity (activityName, startDate, dueDate, activityStatus, requestNo) values (91, '2016/04/15', '2017/09/19', 'Ongoing', 15);
insert into farmActivity (activityName, startDate, dueDate, activityStatus, requestNo) values (92, '2016/07/07', '2017/11/15', 'Completed', 46);
insert into farmActivity (activityName, startDate, dueDate, activityStatus, requestNo) values (93, '2016/11/20', '2017/08/05', 'Ongoing', 58);
insert into farmActivity (activityName, startDate, dueDate, activityStatus, requestNo) values (94, '2016/11/04', '2017/07/23', 'Ongoing', 85);
insert into farmActivity (activityName, startDate, dueDate, activityStatus, requestNo) values (95, '2016/03/02', '2017/06/01', 'Completed', 45);
insert into farmActivity (activityName, startDate, dueDate, activityStatus, requestNo) values (96, '2016/09/22', '2017/09/27', 'Completed', 29);
insert into farmActivity (activityName, startDate, dueDate, activityStatus, requestNo) values (97, '2015/12/26', '2017/07/24', 'Ongoing', 20);
insert into farmActivity (activityName, startDate, dueDate, activityStatus, requestNo) values (98, '2016/07/05', '2017/08/13', 'Ongoing', 87);
insert into farmActivity (activityName, startDate, dueDate, activityStatus, requestNo) values (99, '2016/08/23', '2017/08/12', 'Dropped', 45);
insert into farmActivity (activityName, startDate, dueDate, activityStatus, requestNo) values (100, '2016/10/22', '2017/05/30', 'Ongoing', 94);
insert into farmActivity (activityName, startDate, dueDate, activityStatus, requestNo) values (101, '2016/11/12', '2017/07/27', 'Ongoing', 57);
insert into farmActivity (activityName, startDate, dueDate, activityStatus, requestNo) values (102, '2016/10/19', '2016/12/15', 'Completed', 57);

insert into crop (cropNumber, type, cropCount, plotId) values (1, 'Cassava', 27, 1);
insert into crop (cropNumber, type, cropCount, plotId) values (2, 'Cassava', 82, 2);
insert into crop (cropNumber, type, cropCount, plotId) values (3, 'Wheat', 55, 3);
insert into crop (cropNumber, type, cropCount, plotId) values (4, 'Barley', 22, 4);
insert into crop (cropNumber, type, cropCount, plotId) values (5, 'Rice', 78, 5);
insert into crop (cropNumber, type, cropCount, plotId) values (6, 'Cassava', 51, 6);
insert into crop (cropNumber, type, cropCount, plotId) values (7, 'Potato', 77, 7);
insert into crop (cropNumber, type, cropCount, plotId) values (8, 'Cassava', 23, 8);
insert into crop (cropNumber, type, cropCount, plotId) values (9, 'Corn', 50, 9);
insert into crop (cropNumber, type, cropCount, plotId) values (10, 'Rice', 72, 10);
insert into crop (cropNumber, type, cropCount, plotId) values (11, 'Rice', 39, 11);
insert into crop (cropNumber, type, cropCount, plotId) values (12, 'Barley', 26, 12);
insert into crop (cropNumber, type, cropCount, plotId) values (13, 'Rice', 63, 13);
insert into crop (cropNumber, type, cropCount, plotId) values (14, 'Barley', 90, 14);
insert into crop (cropNumber, type, cropCount, plotId) values (15, 'Potato', 84, 15);
insert into crop (cropNumber, type, cropCount, plotId) values (16, 'Potato', 51, 16);
insert into crop (cropNumber, type, cropCount, plotId) values (17, 'Wheat', 42, 17);
insert into crop (cropNumber, type, cropCount, plotId) values (18, 'Hay', 82, 18);
insert into crop (cropNumber, type, cropCount, plotId) values (19, 'Corn', 85, 19);
insert into crop (cropNumber, type, cropCount, plotId) values (20, 'Potato', 39, 20);
insert into crop (cropNumber, type, cropCount, plotId) values (21, 'Rice', 42, 21);
insert into crop (cropNumber, type, cropCount, plotId) values (22, 'Potato', 97, 22);
insert into crop (cropNumber, type, cropCount, plotId) values (23, 'Potato', 64, 23);
insert into crop (cropNumber, type, cropCount, plotId) values (24, 'Rice', 19, 24);
insert into crop (cropNumber, type, cropCount, plotId) values (25, 'Potato', 28, 25);
insert into crop (cropNumber, type, cropCount, plotId) values (26, 'Cassava', 27, 26);
insert into crop (cropNumber, type, cropCount, plotId) values (27, 'Wheat', 13, 27);
insert into crop (cropNumber, type, cropCount, plotId) values (28, 'Corn', 88, 28);
insert into crop (cropNumber, type, cropCount, plotId) values (29, 'Rice', 97, 29);
insert into crop (cropNumber, type, cropCount, plotId) values (30, 'Wheat', 46, 30);
insert into crop (cropNumber, type, cropCount, plotId) values (31, 'Corn', 15, 31);
insert into crop (cropNumber, type, cropCount, plotId) values (32, 'Rice', 19, 32);
insert into crop (cropNumber, type, cropCount, plotId) values (33, 'Rice', 34, 33);
insert into crop (cropNumber, type, cropCount, plotId) values (34, 'Hay', 66, 34);
insert into crop (cropNumber, type, cropCount, plotId) values (35, 'Rice', 27, 35);
insert into crop (cropNumber, type, cropCount, plotId) values (36, 'Barley', 46, 36);
insert into crop (cropNumber, type, cropCount, plotId) values (37, 'Rice', 84, 37);
insert into crop (cropNumber, type, cropCount, plotId) values (38, 'Rice', 52, 38);
insert into crop (cropNumber, type, cropCount, plotId) values (39, 'Hay', 18, 39);
insert into crop (cropNumber, type, cropCount, plotId) values (40, 'Barley', 91, 40);
insert into crop (cropNumber, type, cropCount, plotId) values (41, 'Wheat', 18, 41);
insert into crop (cropNumber, type, cropCount, plotId) values (42, 'Corn', 93, 42);
insert into crop (cropNumber, type, cropCount, plotId) values (43, 'Cassava', 52, 43);
insert into crop (cropNumber, type, cropCount, plotId) values (44, 'Corn', 73, 44);
insert into crop (cropNumber, type, cropCount, plotId) values (45, 'Cassava', 44, 45);
insert into crop (cropNumber, type, cropCount, plotId) values (46, 'Potato', 37, 46);
insert into crop (cropNumber, type, cropCount, plotId) values (47, 'Potato', 27, 47);
insert into crop (cropNumber, type, cropCount, plotId) values (48, 'Cassava', 38, 48);
insert into crop (cropNumber, type, cropCount, plotId) values (49, 'Barley', 14, 49);
insert into crop (cropNumber, type, cropCount, plotId) values (50, 'Barley', 91, 50);
insert into crop (cropNumber, type, cropCount, plotId) values (51, 'Barley', 41, 51);
insert into crop (cropNumber, type, cropCount, plotId) values (52, 'Wheat', 27, 52);
insert into crop (cropNumber, type, cropCount, plotId) values (53, 'Corn', 40, 53);
insert into crop (cropNumber, type, cropCount, plotId) values (54, 'Potato', 43, 54);
insert into crop (cropNumber, type, cropCount, plotId) values (55, 'Barley', 82, 55);
insert into crop (cropNumber, type, cropCount, plotId) values (56, 'Hay', 76, 56);
insert into crop (cropNumber, type, cropCount, plotId) values (57, 'Hay', 52, 57);
insert into crop (cropNumber, type, cropCount, plotId) values (58, 'Cassava', 23, 58);
insert into crop (cropNumber, type, cropCount, plotId) values (59, 'Wheat', 36, 59);
insert into crop (cropNumber, type, cropCount, plotId) values (60, 'Corn', 19, 60);
insert into crop (cropNumber, type, cropCount, plotId) values (61, 'Barley', 86, 61);
insert into crop (cropNumber, type, cropCount, plotId) values (62, 'Cassava', 34, 62);
insert into crop (cropNumber, type, cropCount, plotId) values (63, 'Corn', 59, 63);
insert into crop (cropNumber, type, cropCount, plotId) values (64, 'Corn', 50, 64);
insert into crop (cropNumber, type, cropCount, plotId) values (65, 'Hay', 91, 65);
insert into crop (cropNumber, type, cropCount, plotId) values (66, 'Wheat', 31, 66);
insert into crop (cropNumber, type, cropCount, plotId) values (67, 'Cassava', 14, 67);
insert into crop (cropNumber, type, cropCount, plotId) values (68, 'Rice', 50, 68);
insert into crop (cropNumber, type, cropCount, plotId) values (69, 'Rice', 93, 69);
insert into crop (cropNumber, type, cropCount, plotId) values (70, 'Hay', 86, 70);
insert into crop (cropNumber, type, cropCount, plotId) values (71, 'Barley', 49, 71);
insert into crop (cropNumber, type, cropCount, plotId) values (72, 'Potato', 53, 72);
insert into crop (cropNumber, type, cropCount, plotId) values (73, 'Rice', 84, 73);
insert into crop (cropNumber, type, cropCount, plotId) values (74, 'Cassava', 60, 74);
insert into crop (cropNumber, type, cropCount, plotId) values (75, 'Corn', 23, 75);
insert into crop (cropNumber, type, cropCount, plotId) values (76, 'Cassava', 35, 76);
insert into crop (cropNumber, type, cropCount, plotId) values (77, 'Hay', 24, 77);
insert into crop (cropNumber, type, cropCount, plotId) values (78, 'Wheat', 19, 78);
insert into crop (cropNumber, type, cropCount, plotId) values (79, 'Potato', 55, 79);
insert into crop (cropNumber, type, cropCount, plotId) values (80, 'Rice', 96, 80);
insert into crop (cropNumber, type, cropCount, plotId) values (81, 'Rice', 73, 81);
insert into crop (cropNumber, type, cropCount, plotId) values (82, 'Wheat', 39, 82);
insert into crop (cropNumber, type, cropCount, plotId) values (83, 'Wheat', 70, 83);
insert into crop (cropNumber, type, cropCount, plotId) values (84, 'Corn', 25, 84);
insert into crop (cropNumber, type, cropCount, plotId) values (85, 'Hay', 37, 85);
insert into crop (cropNumber, type, cropCount, plotId) values (86, 'Rice', 25, 86);
insert into crop (cropNumber, type, cropCount, plotId) values (87, 'Wheat', 31, 87);
insert into crop (cropNumber, type, cropCount, plotId) values (88, 'Hay', 67, 88);
insert into crop (cropNumber, type, cropCount, plotId) values (89, 'Rice', 9, 89);
insert into crop (cropNumber, type, cropCount, plotId) values (90, 'Wheat', 56, 90);
insert into crop (cropNumber, type, cropCount, plotId) values (91, 'Wheat', 22, 91);
insert into crop (cropNumber, type, cropCount, plotId) values (92, 'Corn', 87, 92);
insert into crop (cropNumber, type, cropCount, plotId) values (93, 'Corn', 92, 93);
insert into crop (cropNumber, type, cropCount, plotId) values (94, 'Corn', 80, 94);
insert into crop (cropNumber, type, cropCount, plotId) values (95, 'Wheat', 60, 95);
insert into crop (cropNumber, type, cropCount, plotId) values (96, 'Potato', 68, 96);
insert into crop (cropNumber, type, cropCount, plotId) values (97, 'Hay', 53, 97);
insert into crop (cropNumber, type, cropCount, plotId) values (98, 'Corn', 45, 98);
insert into crop (cropNumber, type, cropCount, plotId) values (99, 'Barley', 66, 99);
insert into crop (cropNumber, type, cropCount, plotId) values (100, 'Wheat', 41, 100);
insert into crop (cropNumber, type, cropCount, plotId) values (101, 'Barley', 68, 101);
insert into crop (cropNumber, type, cropCount, plotId) values (102, 'Cassava', 77, 102);